<?xml version='1.0' encoding='utf-8'?>
<odoo>
    <data noupdate="1">
        <record id="mail_template_data_delivery_confirmation" model="mail.template">
            <field name="name">Delivery: Send by Email</field>
            <field name="model_id" ref="model_stock_picking"/>
            <field name="subject">${object.company_id.name} Delivery Order (Ref ${object.name or 'n/a' })</field>
            <field name="partner_to">${object.partner_id.id}</field>
            <field name="body_html" type="html">
                <div style="margin: 0px; padding: 0px;">
                    <p style="margin: 0px; padding: 0px; font-size: 13px;">
                        Hello ${object.partner_id.name},
                        <br/>
                        <br/>
                        We are glad to inform you that your order has been shipped.
                        %if object.carrier_tracking_ref:
                        Your tracking reference is
                        <strong>
                            %if object.carrier_tracking_url:
                            % set multiple_carrier_tracking = object.get_multiple_carrier_tracking()
                            %if multiple_carrier_tracking:
                            % for line in multiple_carrier_tracking:
                            <br/>
                            <a href="${line[1]}" target="_blank">${line[0]}</a>
                            % endfor
                            %else:
                            <a href="${object.carrier_tracking_url}" target="_blank">${object.carrier_tracking_ref}</a>.
                            %endif
                            %else:
                            ${object.carrier_tracking_ref}.
                            %endif
                        </strong>
                        %endif
                        <br/>
                        <br/>
                        Please find your delivery order attached for more details.
                        <br/>
                        <br/>
                        Thank you,
                        <br/>
                        % if user and user.signature:
                        ${user.signature | safe}
                        % endif
                    </p>
                </div>
            </field>
            <field name="report_template" ref="stock.action_report_delivery"/>
            <field name="report_name">${(object.name or '').replace('/','_')}</field>
            <field name="lang">${object.partner_id.lang}</field>
            <field name="auto_delete" eval="True"/>
            <field name="user_signature" eval="False"/>
        </record>
    </data>
</odoo>
